<?xml version="1.0" encoding="UTF-8"?>
<!DOCTYPE hibernate-configuration PUBLIC 
  "-//Hibernate/Hibernate Configuration DTD 3.0//EN" 
  "http://www.hibernate.org/dtd/hibernate-configuration-3.0.dtd">
<hibernate-configuration>
  <session-factory>
    <property name="connection.driver_class">com.mysql.jdbc.Driver</property>
    <property name="connection.url">jdbc:mysql://localhost:3306/hiber</property>
    <property name="connection.username">root</property>
    <property name="connection.password">root</property>
    <property name="dialect">org.hibernate.dialect.MySQLDialect</property>
    
    <property name="show_sql">true</property>
    <property name="hibernate.cache.use_second_level_cache">true</property>
    <property name="hibernate.cache.region.factory_class">org.hibernate.cache.ehcache.EhCacheRegionFactory</property>
    
    <property name="hbm2ddl.auto">update</property>
    <!-- mapping class="com.mcnz.jpa.examples.Player" / -->
    <mapping class = "Hibpractices.Hibernateprac.Employee" />
    <mapping class = "Hibpractices.Hibernateprac.Address" />
    <mapping class = "map.Question" />
    <mapping class = "map.Answer" />
  </session-factory>
</hibernate-configuration>